,tagX,tagY,StartTime,Weight
0,904,901,1605172015,10
1,904,901,1605172105,11
2,904,901,1605172750,11
3,904,901,1605173252,21
4,904,901,1605173330,57
5,904,901,1605173581,86
6,1001,901,1605172900,34
7,1001,901,1605173374,10
8,1001,901,1605173497,8
9,1004,901,1605172666,262
10,1004,901,1605172969,21
11,1004,901,1605173046,27
12,1004,901,1605173161,5
13,1004,901,1605173239,10
14,1004,901,1605173306,7
15,1004,901,1605173392,37
16,1004,901,1605173518,11
17,1004,901,1605173579,10
18,1004,901,1605173674,8
19,1005,901,1605172772,10
20,1005,901,1605172916,27
21,1005,901,1605173221,19
22,1005,901,1605173366,18
23,1005,901,1605173603,54
24,1101,901,1605172809,10
25,1101,901,1605172996,2
26,1101,901,1605173306,1
27,1101,901,1605173510,2
28,1102,901,1605172766,37
29,1102,901,1605172996,2
30,1102,901,1605173063,7
31,1102,901,1605173270,10
32,1102,901,1605173413,7
33,1102,901,1605173510,2
34,1103,901,1605172941,7
35,1103,901,1605173046,36
36,1103,901,1605173132,7
37,1103,901,1605173320,6
38,1103,901,1605173482,2
39,1103,901,1605173648,18
40,1106,901,1605172986,4
41,1106,901,1605173077,8
42,1106,901,1605173262,10
43,1106,901,1605173473,10
44,1106,901,1605173525,10
45,1107,901,1605172763,34
46,1107,901,1605172886,7
47,1107,901,1605172974,6
48,1107,901,1605173080,5
49,1107,901,1605173170,8
50,1107,901,1605173306,7
51,1107,901,1605173392,41
52,1107,901,1605173497,8
53,1107,901,1605173581,63
54,1108,901,1605172666,12
55,1108,901,1605172766,7
56,1108,901,1605172807,13
57,1108,901,1605173092,4
58,1108,901,1605173382,51
59,1108,901,1605173473,17
60,1108,901,1605173572,10
61,1109,901,1605172615,13
62,1109,901,1605172986,4
63,1109,901,1605173482,2
64,1109,901,1605173573,10
65,1201,901,1605172835,15
66,1201,901,1605173306,1
67,1201,901,1605173413,7
68,1201,901,1605173493,10
69,1201,901,1605173581,10
70,1202,901,1605172810,10
71,1202,901,1605172855,17
72,1202,901,1605173084,9
73,1202,901,1605173161,10
74,1202,901,1605173306,1
75,1202,901,1605173419,14
76,1202,901,1605173655,8
77,1203,901,1605172633,10
78,1203,901,1605172781,10
79,1203,901,1605172855,19
80,1203,901,1605172942,10
81,1203,901,1605173007,8
82,1203,901,1605173063,7
83,1203,901,1605173152,10
84,1203,901,1605173247,7
85,1203,901,1605173306,18
86,1203,901,1605173428,5
87,1203,901,1605173519,10
88,1203,901,1605173575,10
89,901,904,1605172015,10
90,901,904,1605172105,11
91,901,904,1605172750,11
92,901,904,1605173252,21
93,901,904,1605173330,57
94,901,904,1605173581,86
95,1001,904,1605173179,10
96,1002,904,1605173028,12
97,1004,904,1605173674,7
98,1005,904,1605173298,10
99,1005,904,1605173414,36
100,1005,904,1605173487,40
101,1005,904,1605173566,87
102,1102,904,1605173271,10
103,1109,904,1605173103,45
104,1203,904,1605172708,10
105,1203,904,1605172818,10
106,901,1001,1605172900,34
107,901,1001,1605173374,10
108,901,1001,1605173497,8
109,904,1001,1605173179,10
110,1002,1001,1605171970,13
111,1002,1001,1605172108,17
112,1002,1001,1605174091,10
113,1002,1001,1605174180,10
114,1003,1001,1605171972,13
115,1003,1001,1605172109,16
116,1004,1001,1605171970,14
117,1004,1001,1605172107,17
118,1004,1001,1605172900,21
119,1004,1001,1605172986,4
120,1005,1001,1605171967,17
121,1005,1001,1605172107,18
122,1005,1001,1605172964,16
123,1005,1001,1605173026,59
124,1005,1001,1605173145,9
125,1005,1001,1605173225,10
126,1005,1001,1605173546,7
127,1006,1001,1605171968,19
128,1006,1001,1605172110,12
129,1006,1001,1605173581,4
130,1006,1001,1605173875,10
131,1006,1001,1605174028,84
132,1006,1001,1605174155,78
133,1007,1001,1605171970,15
134,1007,1001,1605172105,19
135,1007,1001,1605173063,4
136,1007,1001,1605174229,10
137,1103,1001,1605173455,2
138,1103,1001,1605173504,1
139,1202,1001,1605172902,10
140,904,1002,1605173028,12
141,1001,1002,1605171970,13
142,1001,1002,1605172108,17
143,1001,1002,1605174091,10
144,1001,1002,1605174180,10
145,1003,1002,1605171972,12
146,1003,1002,1605172106,17
147,1003,1002,1605173170,35
148,1003,1002,1605173294,7
149,1003,1002,1605173518,17
150,1003,1002,1605174082,36
151,1003,1002,1605174152,91
152,1004,1002,1605171969,16
153,1004,1002,1605172109,14
154,1004,1002,1605174052,10
155,1004,1002,1605174096,144
156,1005,1002,1605171972,12
157,1005,1002,1605172110,15
158,1005,1002,1605172715,52
159,1005,1002,1605173320,6
160,1005,1002,1605174052,10
161,1005,1002,1605174108,122
162,1006,1002,1605171967,19
163,1006,1002,1605172110,15
164,1006,1002,1605172302,11
165,1006,1002,1605172916,6
166,1006,1002,1605174028,204
167,1007,1002,1605171975,11
168,1007,1002,1605172108,17
169,1007,1002,1605173282,7
170,1007,1002,1605173398,35
171,1007,1002,1605174083,160
172,1103,1002,1605172715,8
173,1203,1002,1605172706,29
174,1203,1002,1605172790,41
175,1001,1003,1605171972,13
176,1001,1003,1605172109,16
177,1002,1003,1605171972,12
178,1002,1003,1605172106,17
179,1002,1003,1605173170,35
180,1002,1003,1605173294,7
181,1002,1003,1605173518,17
182,1002,1003,1605174082,36
183,1002,1003,1605174152,91
184,1004,1003,1605172109,15
185,1004,1003,1605173674,2
186,1004,1003,1605174108,17
187,1004,1003,1605174163,10
188,1005,1003,1605171967,16
189,1005,1003,1605172113,10
190,1005,1003,1605173146,8
191,1005,1003,1605173320,6
192,1005,1003,1605173540,7
193,1005,1003,1605174157,10
194,1006,1003,1605171968,17
195,1006,1003,1605172106,19
196,1006,1003,1605172302,11
197,1006,1003,1605172645,10
198,1006,1003,1605172861,6
199,1006,1003,1605173648,9
200,1006,1003,1605173875,10
201,1006,1003,1605174032,201
202,1007,1003,1605171968,17
203,1007,1003,1605172109,15
204,1007,1003,1605172620,22
205,1007,1003,1605172678,108
206,1007,1003,1605172824,410
207,1007,1003,1605173282,99
208,1007,1003,1605173431,10
209,1007,1003,1605173482,7
210,1007,1003,1605173534,110
211,1007,1003,1605174229,10
212,1102,1003,1605172862,8
213,901,1004,1605172666,262
214,901,1004,1605172969,21
215,901,1004,1605173046,27
216,901,1004,1605173161,5
217,901,1004,1605173239,10
218,901,1004,1605173306,7
219,901,1004,1605173392,37
220,901,1004,1605173518,11
221,901,1004,1605173579,10
222,901,1004,1605173674,8
223,904,1004,1605173674,7
224,1001,1004,1605171970,14
225,1001,1004,1605172107,17
226,1001,1004,1605172900,21
227,1001,1004,1605172986,4
228,1002,1004,1605171969,16
229,1002,1004,1605172109,14
230,1002,1004,1605174052,10
231,1002,1004,1605174096,144
232,1003,1004,1605172109,15
233,1003,1004,1605173674,2
234,1003,1004,1605174108,17
235,1003,1004,1605174163,10
236,1005,1004,1605171969,13
237,1005,1004,1605172108,16
238,1005,1004,1605172833,51
239,1005,1004,1605173639,11
240,1005,1004,1605174115,52
241,1006,1004,1605171970,16
242,1006,1004,1605172105,18
243,1006,1004,1605172302,11
244,1006,1004,1605173674,2
245,1006,1004,1605174028,207
246,1007,1004,1605171968,16
247,1007,1004,1605172108,16
248,1007,1004,1605173674,7
249,1007,1004,1605174097,10
250,1007,1004,1605174158,10
251,1101,1004,1605172880,11
252,1101,1004,1605173002,7
253,1101,1004,1605173092,4
254,1101,1004,1605173176,4
255,1101,1004,1605173227,6
256,1101,1004,1605173562,5
257,1101,1004,1605173644,10
258,1102,1004,1605173394,10
259,1102,1004,1605173508,10
260,1103,1004,1605172672,10
261,1103,1004,1605172986,4
262,1103,1004,1605173047,10
263,1103,1004,1605173221,7
264,1104,1004,1605172633,10
265,1106,1004,1605173077,8
266,1106,1004,1605173356,10
267,1106,1004,1605173674,2
268,1107,1004,1605172758,10
269,1107,1004,1605172954,9
270,1107,1004,1605173077,8
271,1107,1004,1605173194,10
272,1107,1004,1605173261,28
273,1107,1004,1605173360,90
274,1107,1004,1605173518,17
275,1107,1004,1605173581,33
276,1108,1004,1605172802,9
277,1108,1004,1605172874,17
278,1108,1004,1605172958,73
279,1108,1004,1605173092,9
280,1108,1004,1605173188,61
281,1108,1004,1605173351,78
282,1108,1004,1605173518,8
283,1108,1004,1605173594,10
284,1109,1004,1605172958,70
285,1109,1004,1605173077,8
286,1109,1004,1605173161,5
287,1109,1004,1605173239,10
288,1109,1004,1605173356,13
289,1109,1004,1605173449,8
290,1109,1004,1605173650,32
291,1201,1004,1605172790,7
292,1201,1004,1605172833,68
293,1201,1004,1605172969,6
294,1201,1004,1605173043,19
295,1201,1004,1605173122,82
296,1201,1004,1605173374,55
297,1201,1004,1605173495,44
298,1202,1004,1605172865,48
299,1202,1004,1605172958,70
300,1202,1004,1605173161,12
301,1202,1004,1605173294,7
302,1202,1004,1605173379,14
303,1202,1004,1605173504,50
304,1202,1004,1605173593,8
305,1203,1004,1605172672,10
306,1203,1004,1605172781,5
307,1203,1004,1605172877,10
308,1203,1004,1605172927,63
309,1203,1004,1605173077,5
310,1203,1004,1605173161,5
311,1203,1004,1605173363,52
312,1203,1004,1605173587,8
313,1203,1004,1605173644,17
314,901,1005,1605172772,10
315,901,1005,1605172916,27
316,901,1005,1605173221,19
317,901,1005,1605173366,18
318,901,1005,1605173603,54
319,904,1005,1605173298,10
320,904,1005,1605173414,36
321,904,1005,1605173487,40
322,904,1005,1605173566,87
323,1001,1005,1605171967,17
324,1001,1005,1605172107,18
325,1001,1005,1605172964,16
326,1001,1005,1605173026,59
327,1001,1005,1605173145,9
328,1001,1005,1605173225,10
329,1001,1005,1605173546,7
330,1002,1005,1605171972,12
331,1002,1005,1605172110,15
332,1002,1005,1605172715,52
333,1002,1005,1605173320,6
334,1002,1005,1605174052,10
335,1002,1005,1605174108,122
336,1003,1005,1605171967,16
337,1003,1005,1605172113,10
338,1003,1005,1605173146,8
339,1003,1005,1605173320,6
340,1003,1005,1605173540,7
341,1003,1005,1605174157,10
342,1004,1005,1605171969,13
343,1004,1005,1605172108,16
344,1004,1005,1605172833,51
345,1004,1005,1605173639,11
346,1004,1005,1605174115,52
347,1006,1005,1605171970,15
348,1006,1005,1605172108,16
349,1006,1005,1605172301,11
350,1006,1005,1605173710,10
351,1006,1005,1605174032,201
352,1007,1005,1605171969,14
353,1007,1005,1605172105,15
354,1007,1005,1605173766,10
355,1007,1005,1605174079,11
356,1101,1005,1605172901,10
357,1102,1005,1605173019,8
358,1102,1005,1605173620,10
359,1103,1005,1605172920,8
360,1104,1005,1605173766,10
361,1107,1005,1605173282,1
362,1108,1005,1605173407,12
363,1201,1005,1605173640,10
364,1202,1005,1605173508,10
365,1203,1005,1605172706,10
366,1203,1005,1605172783,28
367,1203,1005,1605172855,57
368,1203,1005,1605173020,10
369,1203,1005,1605173282,7
370,1001,1006,1605171968,19
371,1001,1006,1605172110,12
372,1001,1006,1605173581,4
373,1001,1006,1605173875,10
374,1001,1006,1605174028,84
375,1001,1006,1605174155,78
376,1002,1006,1605171967,19
377,1002,1006,1605172110,15
378,1002,1006,1605172302,11
379,1002,1006,1605172916,6
380,1002,1006,1605174028,204
381,1003,1006,1605171968,17
382,1003,1006,1605172106,19
383,1003,1006,1605172302,11
384,1003,1006,1605172645,10
385,1003,1006,1605172861,6
386,1003,1006,1605173648,9
387,1003,1006,1605173875,10
388,1003,1006,1605174032,201
389,1004,1006,1605171970,16
390,1004,1006,1605172105,18
391,1004,1006,1605172302,11
392,1004,1006,1605173674,2
393,1004,1006,1605174028,207
394,1005,1006,1605171970,15
395,1005,1006,1605172108,16
396,1005,1006,1605172301,11
397,1005,1006,1605173710,10
398,1005,1006,1605174032,201
399,1007,1006,1605171972,14
400,1007,1006,1605172108,11
401,1007,1006,1605172658,11
402,1007,1006,1605172717,10
403,1007,1006,1605172837,7
404,1007,1006,1605172902,26
405,1007,1006,1605172965,86
406,1007,1006,1605173092,55
407,1007,1006,1605173185,44
408,1007,1006,1605173276,157
409,1007,1006,1605173467,74
410,1007,1006,1605173581,7
411,1007,1006,1605173624,11
412,1007,1006,1605174047,167
413,1001,1007,1605171970,15
414,1001,1007,1605172105,19
415,1001,1007,1605173063,4
416,1001,1007,1605174229,10
417,1002,1007,1605171975,11
418,1002,1007,1605172108,17
419,1002,1007,1605173282,7
420,1002,1007,1605173398,35
421,1002,1007,1605174083,160
422,1003,1007,1605171968,17
423,1003,1007,1605172109,15
424,1003,1007,1605172620,22
425,1003,1007,1605172678,108
426,1003,1007,1605172824,410
427,1003,1007,1605173282,99
428,1003,1007,1605173431,10
429,1003,1007,1605173482,7
430,1003,1007,1605173534,110
431,1003,1007,1605174229,10
432,1004,1007,1605171968,16
433,1004,1007,1605172108,16
434,1004,1007,1605173674,7
435,1004,1007,1605174097,10
436,1004,1007,1605174158,10
437,1005,1007,1605171969,14
438,1005,1007,1605172105,15
439,1005,1007,1605173766,10
440,1005,1007,1605174079,11
441,1006,1007,1605171972,14
442,1006,1007,1605172108,11
443,1006,1007,1605172658,11
444,1006,1007,1605172717,10
445,1006,1007,1605172837,7
446,1006,1007,1605172902,26
447,1006,1007,1605172965,86
448,1006,1007,1605173092,55
449,1006,1007,1605173185,44
450,1006,1007,1605173276,157
451,1006,1007,1605173467,74
452,1006,1007,1605173581,7
453,1006,1007,1605173624,11
454,1006,1007,1605174047,167
455,901,1101,1605172809,10
456,901,1101,1605172996,2
457,901,1101,1605173306,1
458,901,1101,1605173510,2
459,1004,1101,1605172880,11
460,1004,1101,1605173002,7
461,1004,1101,1605173092,4
462,1004,1101,1605173176,4
463,1004,1101,1605173227,6
464,1004,1101,1605173562,5
465,1004,1101,1605173644,10
466,1005,1101,1605172901,10
467,1102,1101,1605171972,12
468,1102,1101,1605172106,20
469,1102,1101,1605172996,2
470,1102,1101,1605173049,7
471,1103,1101,1605171968,15
472,1103,1101,1605172104,18
473,1103,1101,1605173038,4
474,1104,1101,1605171970,15
475,1104,1101,1605172108,16
476,1105,1101,1605171968,20
477,1105,1101,1605172105,10
478,1106,1101,1605171965,21
479,1106,1101,1605172102,24
480,1107,1101,1605171967,24
481,1107,1101,1605172106,16
482,1107,1101,1605172826,10
483,1107,1101,1605173386,34
484,1108,1101,1605171970,16
485,1108,1101,1605172102,22
486,1108,1101,1605172667,10
487,1108,1101,1605172731,12
488,1108,1101,1605172899,53
489,1108,1101,1605173019,9
490,1108,1101,1605173329,69
491,1108,1101,1605173482,8
492,1108,1101,1605173552,5
493,1108,1101,1605173627,41
494,1109,1101,1605171971,13
495,1109,1101,1605172105,19
496,1109,1101,1605173612,8
497,1201,1101,1605173645,10
498,1203,1101,1605172916,8
499,1203,1101,1605173247,7
500,1203,1101,1605173449,1
501,1203,1101,1605173510,2
502,1203,1101,1605173655,8
503,901,1102,1605172766,37
504,901,1102,1605172996,2
505,901,1102,1605173063,7
506,901,1102,1605173270,10
507,901,1102,1605173413,7
508,901,1102,1605173510,2
509,904,1102,1605173271,10
510,1003,1102,1605172862,8
511,1004,1102,1605173394,10
512,1004,1102,1605173508,10
513,1005,1102,1605173019,8
514,1005,1102,1605173620,10
515,1101,1102,1605171972,12
516,1101,1102,1605172106,20
517,1101,1102,1605172996,2
518,1101,1102,1605173049,7
519,1103,1102,1605171969,18
520,1103,1102,1605172104,20
521,1103,1102,1605172944,11
522,1104,1102,1605171972,13
523,1104,1102,1605172102,19
524,1105,1102,1605171970,13
525,1105,1102,1605172105,17
526,1106,1102,1605171965,22
527,1106,1102,1605172105,18
528,1106,1102,1605172717,9
529,1106,1102,1605173271,10
530,1106,1102,1605173540,7
531,1107,1102,1605171970,20
532,1107,1102,1605172108,15
533,1107,1102,1605172799,31
534,1107,1102,1605172869,9
535,1107,1102,1605173095,9
536,1107,1102,1605173170,48
537,1107,1102,1605173562,5
538,1108,1102,1605171970,12
539,1108,1102,1605172108,18
540,1108,1102,1605172728,9
541,1108,1102,1605172940,50
542,1108,1102,1605173035,7
543,1108,1102,1605173077,8
544,1108,1102,1605173188,10
545,1108,1102,1605173350,33
546,1108,1102,1605173497,2
547,1108,1102,1605173655,10
548,1109,1102,1605171972,10
549,1109,1102,1605172106,16
550,1109,1102,1605172986,4
551,1109,1102,1605173187,30
552,1201,1102,1605172986,4
553,1201,1102,1605173137,11
554,1201,1102,1605173257,10
555,1201,1102,1605173390,10
556,1202,1102,1605172916,8
557,1203,1102,1605172637,15
558,1203,1102,1605172796,7
559,1203,1102,1605173100,5
560,1203,1102,1605173581,33
561,901,1103,1605172941,7
562,901,1103,1605173046,36
563,901,1103,1605173132,7
564,901,1103,1605173320,6
565,901,1103,1605173482,2
566,901,1103,1605173648,18
567,1001,1103,1605173455,2
568,1001,1103,1605173504,1
569,1002,1103,1605172715,8
570,1004,1103,1605172672,10
571,1004,1103,1605172986,4
572,1004,1103,1605173047,10
573,1004,1103,1605173221,7
574,1005,1103,1605172920,8
575,1101,1103,1605171968,15
576,1101,1103,1605172104,18
577,1101,1103,1605173038,4
578,1102,1103,1605171969,18
579,1102,1103,1605172104,20
580,1102,1103,1605172944,11
581,1104,1103,1605171969,15
582,1104,1103,1605172104,17
583,1105,1103,1605171970,10
584,1105,1103,1605172107,15
585,1106,1103,1605171966,21
586,1106,1103,1605172104,16
587,1107,1103,1605171969,19
588,1107,1103,1605172105,16
589,1108,1103,1605171969,17
590,1108,1103,1605172107,19
591,1108,1103,1605173261,4
592,1108,1103,1605173497,2
593,1108,1103,1605173587,8
594,1108,1103,1605173656,10
595,1109,1103,1605171969,14
596,1109,1103,1605172104,20
597,1109,1103,1605173038,9
598,1202,1103,1605173655,8
599,1203,1103,1605172568,192
600,1203,1103,1605172807,208
601,1203,1103,1605173055,150
602,1203,1103,1605173247,109
603,1203,1103,1605173440,1
604,1203,1103,1605173510,157
605,1004,1104,1605172633,10
606,1005,1104,1605173766,10
607,1101,1104,1605171970,15
608,1101,1104,1605172108,16
609,1102,1104,1605171972,13
610,1102,1104,1605172102,19
611,1103,1104,1605171969,15
612,1103,1104,1605172104,17
613,1105,1104,1605171974,10
614,1105,1104,1605172104,20
615,1105,1104,1605172490,10
616,1105,1104,1605172541,10
617,1105,1104,1605172699,23
618,1105,1104,1605172981,251
619,1105,1104,1605173271,218
620,1105,1104,1605173528,33
621,1105,1104,1605173621,16
622,1105,1104,1605173672,21
623,1106,1104,1605171970,12
624,1106,1104,1605172106,17
625,1107,1104,1605171973,14
626,1107,1104,1605172102,22
627,1108,1104,1605171971,14
628,1108,1104,1605172110,12
629,1109,1104,1605171972,12
630,1109,1104,1605172108,16
631,1101,1105,1605171968,20
632,1101,1105,1605172105,10
633,1102,1105,1605171970,13
634,1102,1105,1605172105,17
635,1103,1105,1605171970,10
636,1103,1105,1605172107,15
637,1104,1105,1605171974,10
638,1104,1105,1605172104,20
639,1104,1105,1605172490,10
640,1104,1105,1605172541,10
641,1104,1105,1605172699,23
642,1104,1105,1605172981,251
643,1104,1105,1605173271,218
644,1104,1105,1605173528,33
645,1104,1105,1605173621,16
646,1104,1105,1605173672,21
647,1106,1105,1605171970,16
648,1106,1105,1605172104,19
649,1107,1105,1605171970,18
650,1107,1105,1605172102,22
651,1108,1105,1605171969,14
652,1108,1105,1605172102,22
653,1109,1105,1605171969,19
654,1109,1105,1605172107,10
655,901,1106,1605172986,4
656,901,1106,1605173077,8
657,901,1106,1605173262,10
658,901,1106,1605173473,10
659,901,1106,1605173525,10
660,1004,1106,1605173077,8
661,1004,1106,1605173356,10
662,1004,1106,1605173674,2
663,1101,1106,1605171965,21
664,1101,1106,1605172102,24
665,1102,1106,1605171965,22
666,1102,1106,1605172105,18
667,1102,1106,1605172717,9
668,1102,1106,1605173271,10
669,1102,1106,1605173540,7
670,1103,1106,1605171966,21
671,1103,1106,1605172104,16
672,1104,1106,1605171970,12
673,1104,1106,1605172106,17
674,1105,1106,1605171970,16
675,1105,1106,1605172104,19
676,1107,1106,1605171965,26
677,1107,1106,1605172103,21
678,1107,1106,1605172678,10
679,1107,1106,1605173170,8
680,1107,1106,1605173497,2
681,1108,1106,1605171968,18
682,1108,1106,1605172107,14
683,1108,1106,1605172451,10
684,1108,1106,1605172596,10
685,1108,1106,1605172681,54
686,1108,1106,1605172908,52
687,1108,1106,1605173046,5
688,1108,1106,1605173215,8
689,1108,1106,1605173323,12
690,1108,1106,1605173593,25
691,1108,1106,1605173657,10
692,1109,1106,1605171970,16
693,1109,1106,1605172104,20
694,1109,1106,1605172580,10
695,1109,1106,1605172678,10
696,1109,1106,1605173095,9
697,1201,1106,1605173238,3
698,1202,1106,1605173546,8
699,901,1107,1605172763,34
700,901,1107,1605172886,7
701,901,1107,1605172974,6
702,901,1107,1605173080,5
703,901,1107,1605173170,8
704,901,1107,1605173306,7
705,901,1107,1605173392,41
706,901,1107,1605173497,8
707,901,1107,1605173581,63
708,1004,1107,1605172758,10
709,1004,1107,1605172954,9
710,1004,1107,1605173077,8
711,1004,1107,1605173194,10
712,1004,1107,1605173261,28
713,1004,1107,1605173360,90
714,1004,1107,1605173518,17
715,1004,1107,1605173581,33
716,1005,1107,1605173282,1
717,1101,1107,1605171967,24
718,1101,1107,1605172106,16
719,1101,1107,1605172826,10
720,1101,1107,1605173386,34
721,1102,1107,1605171970,20
722,1102,1107,1605172108,15
723,1102,1107,1605172799,31
724,1102,1107,1605172869,9
725,1102,1107,1605173095,9
726,1102,1107,1605173170,48
727,1102,1107,1605173562,5
728,1103,1107,1605171969,19
729,1103,1107,1605172105,16
730,1104,1107,1605171973,14
731,1104,1107,1605172102,22
732,1105,1107,1605171970,18
733,1105,1107,1605172102,22
734,1106,1107,1605171965,26
735,1106,1107,1605172103,21
736,1106,1107,1605172678,10
737,1106,1107,1605173170,8
738,1106,1107,1605173497,2
739,1108,1107,1605171969,22
740,1108,1107,1605172103,16
741,1108,1107,1605172645,155
742,1108,1107,1605172894,10
743,1108,1107,1605173063,30
744,1108,1107,1605173384,10
745,1108,1107,1605173497,8
746,1108,1107,1605173552,15
747,1109,1107,1605171969,17
748,1109,1107,1605172106,17
749,1109,1107,1605172645,10
750,1109,1107,1605172785,16
751,1109,1107,1605172914,11
752,1109,1107,1605173080,5
753,1109,1107,1605173191,27
754,1109,1107,1605173367,10
755,1109,1107,1605173510,10
756,1201,1107,1605172809,8
757,1201,1107,1605172964,72
758,1201,1107,1605173080,5
759,1201,1107,1605173282,19
760,1201,1107,1605173540,7
761,1202,1107,1605172826,12
762,1203,1107,1605172742,11
763,1203,1107,1605172807,7
764,1203,1107,1605172958,8
765,1203,1107,1605173035,4
766,1203,1107,1605173261,16
767,1203,1107,1605173546,1
768,901,1108,1605172666,12
769,901,1108,1605172766,7
770,901,1108,1605172807,13
771,901,1108,1605173092,4
772,901,1108,1605173382,51
773,901,1108,1605173473,17
774,901,1108,1605173572,10
775,1004,1108,1605172802,9
776,1004,1108,1605172874,17
777,1004,1108,1605172958,73
778,1004,1108,1605173092,9
779,1004,1108,1605173188,61
780,1004,1108,1605173351,78
781,1004,1108,1605173518,8
782,1004,1108,1605173594,10
783,1005,1108,1605173407,12
784,1101,1108,1605171970,16
785,1101,1108,1605172102,22
786,1101,1108,1605172667,10
787,1101,1108,1605172731,12
788,1101,1108,1605172899,53
789,1101,1108,1605173019,9
790,1101,1108,1605173329,69
791,1101,1108,1605173482,8
792,1101,1108,1605173552,5
793,1101,1108,1605173627,41
794,1102,1108,1605171970,12
795,1102,1108,1605172108,18
796,1102,1108,1605172728,9
797,1102,1108,1605172940,50
798,1102,1108,1605173035,7
799,1102,1108,1605173077,8
800,1102,1108,1605173188,10
801,1102,1108,1605173350,33
802,1102,1108,1605173497,2
803,1102,1108,1605173655,10
804,1103,1108,1605171969,17
805,1103,1108,1605172107,19
806,1103,1108,1605173261,4
807,1103,1108,1605173497,2
808,1103,1108,1605173587,8
809,1103,1108,1605173656,10
810,1104,1108,1605171971,14
811,1104,1108,1605172110,12
812,1105,1108,1605171969,14
813,1105,1108,1605172102,22
814,1106,1108,1605171968,18
815,1106,1108,1605172107,14
816,1106,1108,1605172451,10
817,1106,1108,1605172596,10
818,1106,1108,1605172681,54
819,1106,1108,1605172908,52
820,1106,1108,1605173046,5
821,1106,1108,1605173215,8
822,1106,1108,1605173323,12
823,1106,1108,1605173593,25
824,1106,1108,1605173657,10
825,1107,1108,1605171969,22
826,1107,1108,1605172103,16
827,1107,1108,1605172645,155
828,1107,1108,1605172894,10
829,1107,1108,1605173063,30
830,1107,1108,1605173384,10
831,1107,1108,1605173497,8
832,1107,1108,1605173552,15
833,1109,1108,1605171969,17
834,1109,1108,1605172109,17
835,1109,1108,1605172588,21
836,1109,1108,1605172649,10
837,1109,1108,1605172715,42
838,1109,1108,1605172951,36
839,1109,1108,1605173041,85
840,1109,1108,1605173221,2
841,1109,1108,1605173261,16
842,1109,1108,1605173332,37
843,1109,1108,1605173497,2
844,1109,1108,1605173562,5
845,1109,1108,1605173650,10
846,1201,1108,1605172979,8
847,1201,1108,1605173200,41
848,1201,1108,1605173392,9
849,1201,1108,1605173546,58
850,1202,1108,1605172986,4
851,1202,1108,1605173092,9
852,1202,1108,1605173300,7
853,1202,1108,1605173428,22
854,1202,1108,1605173518,49
855,1203,1108,1605172602,11
856,1203,1108,1605172743,10
857,1203,1108,1605172945,11
858,1203,1108,1605173035,7
859,1203,1108,1605173095,9
860,1203,1108,1605173411,11
861,1203,1108,1605173497,2
862,1203,1108,1605173546,1
863,901,1109,1605172615,13
864,901,1109,1605172986,4
865,901,1109,1605173482,2
866,901,1109,1605173573,10
867,904,1109,1605173103,45
868,1004,1109,1605172958,70
869,1004,1109,1605173077,8
870,1004,1109,1605173161,5
871,1004,1109,1605173239,10
872,1004,1109,1605173356,13
873,1004,1109,1605173449,8
874,1004,1109,1605173650,32
875,1101,1109,1605171971,13
876,1101,1109,1605172105,19
877,1101,1109,1605173612,8
878,1102,1109,1605171972,10
879,1102,1109,1605172106,16
880,1102,1109,1605172986,4
881,1102,1109,1605173187,30
882,1103,1109,1605171969,14
883,1103,1109,1605172104,20
884,1103,1109,1605173038,9
885,1104,1109,1605171972,12
886,1104,1109,1605172108,16
887,1105,1109,1605171969,19
888,1105,1109,1605172107,10
889,1106,1109,1605171970,16
890,1106,1109,1605172104,20
891,1106,1109,1605172580,10
892,1106,1109,1605172678,10
893,1106,1109,1605173095,9
894,1107,1109,1605171969,17
895,1107,1109,1605172106,17
896,1107,1109,1605172645,10
897,1107,1109,1605172785,16
898,1107,1109,1605172914,11
899,1107,1109,1605173080,5
900,1107,1109,1605173191,27
901,1107,1109,1605173367,10
902,1107,1109,1605173510,10
903,1108,1109,1605171969,17
904,1108,1109,1605172109,17
905,1108,1109,1605172588,21
906,1108,1109,1605172649,10
907,1108,1109,1605172715,42
908,1108,1109,1605172951,36
909,1108,1109,1605173041,85
910,1108,1109,1605173221,2
911,1108,1109,1605173261,16
912,1108,1109,1605173332,37
913,1108,1109,1605173497,2
914,1108,1109,1605173562,5
915,1108,1109,1605173650,10
916,1201,1109,1605173173,10
917,1201,1109,1605173282,7
918,1201,1109,1605173449,8
919,1201,1109,1605173562,1
920,1202,1109,1605172895,11
921,1202,1109,1605173165,8
922,1202,1109,1605173624,10
923,1203,1109,1605173035,4
924,1203,1109,1605173562,5
925,901,1201,1605172835,15
926,901,1201,1605173306,1
927,901,1201,1605173413,7
928,901,1201,1605173493,10
929,901,1201,1605173581,10
930,1004,1201,1605172790,7
931,1004,1201,1605172833,68
932,1004,1201,1605172969,6
933,1004,1201,1605173043,19
934,1004,1201,1605173122,82
935,1004,1201,1605173374,55
936,1004,1201,1605173495,44
937,1005,1201,1605173640,10
938,1101,1201,1605173645,10
939,1102,1201,1605172986,4
940,1102,1201,1605173137,11
941,1102,1201,1605173257,10
942,1102,1201,1605173390,10
943,1106,1201,1605173238,3
944,1107,1201,1605172809,8
945,1107,1201,1605172964,72
946,1107,1201,1605173080,5
947,1107,1201,1605173282,19
948,1107,1201,1605173540,7
949,1108,1201,1605172979,8
950,1108,1201,1605173200,41
951,1108,1201,1605173392,9
952,1108,1201,1605173546,58
953,1109,1201,1605173173,10
954,1109,1201,1605173282,7
955,1109,1201,1605173449,8
956,1109,1201,1605173562,1
957,1202,1201,1605171976,141
958,1202,1201,1605172709,14
959,1202,1201,1605173562,5
960,1203,1201,1605171974,145
961,1203,1201,1605172847,9
962,1203,1201,1605172917,7
963,1203,1201,1605173035,66
964,1203,1201,1605173546,7
965,1203,1201,1605173599,10
966,1203,1201,1605173645,10
967,901,1202,1605172810,10
968,901,1202,1605172855,17
969,901,1202,1605173084,9
970,901,1202,1605173161,10
971,901,1202,1605173306,1
972,901,1202,1605173419,14
973,901,1202,1605173655,8
974,1001,1202,1605172902,10
975,1004,1202,1605172865,48
976,1004,1202,1605172958,70
977,1004,1202,1605173161,12
978,1004,1202,1605173294,7
979,1004,1202,1605173379,14
980,1004,1202,1605173504,50
981,1004,1202,1605173593,8
982,1005,1202,1605173508,10
983,1102,1202,1605172916,8
984,1103,1202,1605173655,8
985,1106,1202,1605173546,8
986,1107,1202,1605172826,12
987,1108,1202,1605172986,4
988,1108,1202,1605173092,9
989,1108,1202,1605173300,7
990,1108,1202,1605173428,22
991,1108,1202,1605173518,49
992,1109,1202,1605172895,11
993,1109,1202,1605173165,8
994,1109,1202,1605173624,10
995,1201,1202,1605171976,141
996,1201,1202,1605172709,14
997,1201,1202,1605173562,5
998,1203,1202,1605171977,142
999,1203,1202,1605172562,32
1000,1203,1202,1605172958,7
1001,1203,1202,1605173552,11
1002,901,1203,1605172633,10
1003,901,1203,1605172781,10
1004,901,1203,1605172855,19
1005,901,1203,1605172942,10
1006,901,1203,1605173007,8
1007,901,1203,1605173063,7
1008,901,1203,1605173152,10
1009,901,1203,1605173247,7
1010,901,1203,1605173306,18
1011,901,1203,1605173428,5
1012,901,1203,1605173519,10
1013,901,1203,1605173575,10
1014,904,1203,1605172708,10
1015,904,1203,1605172818,10
1016,1002,1203,1605172706,29
1017,1002,1203,1605172790,41
1018,1004,1203,1605172672,10
1019,1004,1203,1605172781,5
1020,1004,1203,1605172877,10
1021,1004,1203,1605172927,63
1022,1004,1203,1605173077,5
1023,1004,1203,1605173161,5
1024,1004,1203,1605173363,52
1025,1004,1203,1605173587,8
1026,1004,1203,1605173644,17
1027,1005,1203,1605172706,10
1028,1005,1203,1605172783,28
1029,1005,1203,1605172855,57
1030,1005,1203,1605173020,10
1031,1005,1203,1605173282,7
1032,1101,1203,1605172916,8
1033,1101,1203,1605173247,7
1034,1101,1203,1605173449,1
1035,1101,1203,1605173510,2
1036,1101,1203,1605173655,8
1037,1102,1203,1605172637,15
1038,1102,1203,1605172796,7
1039,1102,1203,1605173100,5
1040,1102,1203,1605173581,33
1041,1103,1203,1605172568,192
1042,1103,1203,1605172807,208
1043,1103,1203,1605173055,150
1044,1103,1203,1605173247,109
1045,1103,1203,1605173440,1
1046,1103,1203,1605173510,157
1047,1107,1203,1605172742,11
1048,1107,1203,1605172807,7
1049,1107,1203,1605172958,8
1050,1107,1203,1605173035,4
1051,1107,1203,1605173261,16
1052,1107,1203,1605173546,1
1053,1108,1203,1605172602,11
1054,1108,1203,1605172743,10
1055,1108,1203,1605172945,11
1056,1108,1203,1605173035,7
1057,1108,1203,1605173095,9
1058,1108,1203,1605173411,11
1059,1108,1203,1605173497,2
1060,1108,1203,1605173546,1
1061,1109,1203,1605173035,4
1062,1109,1203,1605173562,5
1063,1201,1203,1605171974,145
1064,1201,1203,1605172847,9
1065,1201,1203,1605172917,7
1066,1201,1203,1605173035,66
1067,1201,1203,1605173546,7
1068,1201,1203,1605173599,10
1069,1201,1203,1605173645,10
1070,1202,1203,1605171977,142
1071,1202,1203,1605172562,32
1072,1202,1203,1605172958,7
1073,1202,1203,1605173552,11
